{
  "Inscritos": {
    "Aveiro": 642045,
    "Beja": 118320,
    "Braga": 782390,
    "Bragança": 132758,
    "Castelo Branco": 162574,
    "Coimbra": 370773,
    "Évora": 132625,
    "Faro": 383944,
    "Guarda": 139506,
    "Leiria": 411995,
    "Lisboa": 1914014,
    "Portalegre": 90045,
    "Porto": 1591357,
    "Santarém": 377415,
    "Setúbal": 754726,
    "Viana do Castelo": 232581,
    "Vila Real": 206897,
    "Viseu": 334039,
    "RA Açores": 230289,
    "RA Madeira": 255801,
    "Europa": 948062,
    "Fora da Europa": 636660,
    "Total": 10848816
  },

  "Votantes": {
    "Aveiro": 414346,
    "Beja": 73743,
    "Braga": 545324,
    "Bragança": 69983,
    "Castelo Branco": 104076,
    "Coimbra": 231323,
    "Évora": 84924,
    "Faro": 230429,
    "Guarda": 81621,
    "Leiria": 265074,
    "Lisboa": 1274521,
    "Portalegre": 56083,
    "Porto": 1097509,
    "Santarém": 244177,
    "Setúbal": 491419,
    "Viana do Castelo": 139894,
    "Vila Real": 113842,
    "Viseu": 206816,
    "RA Açores": 100910,
    "RA Madeira": 138937,
    "Europa": 256784,
    "Fora da Europa": 98234,
    "Total": 6319969
  },

  "Brancos": {
    "Aveiro": 6649,
    "Beja": 1012,
    "Braga": 9019,
    "Bragança": 853,
    "Castelo Branco": 1494,
    "Coimbra": 4581,
    "Évora": 1263,
    "Faro": 3252,
    "Guarda": 1179,
    "Leiria": 4976,
    "Lisboa": 16115,
    "Portalegre": 808,
    "Porto": 14390,
    "Santarém": 3703,
    "Setúbal": 6118,
    "Viana do Castelo": 2363,
    "Vila Real": 1368,
    "Viseu": 3320,
    "RA Açores": 3010,
    "RA Madeira": 549,
    "Europa": 1264,
    "Fora da Europa": 368,
    "Total": 87654
  },

  "Nulos": {
    "Aveiro": 3771,
    "Beja": 690,
    "Braga": 5803,
    "Bragança": 923,
    "Castelo Branco": 1312,
    "Coimbra": 2311,
    "Évora": 747,
    "Faro": 1834,
    "Guarda": 1185,
    "Leiria": 3165,
    "Lisboa": 10861,
    "Portalegre": 587,
    "Porto": 9381,
    "Santarém": 2381,
    "Setúbal": 4345,
    "Viana do Castelo": 1293,
    "Vila Real": 1300,
    "Viseu": 2284,
    "RA Açores": 1150,
    "RA Madeira": 1839,
    "Europa": 82872,
    "Fora da Europa": 32960,
    "Total": 172994
  },

  "VVE": {
    "Aveiro": 403926,
    "Beja": 72041,
    "Braga": 530502,
    "Bragança": 68207,
    "Castelo Branco": 101270,
    "Coimbra": 224431,
    "Évora": 82914,
    "Faro": 225343,
    "Guarda": 79257,
    "Leiria": 256933,
    "Lisboa": 1247545,
    "Portalegre": 54688,
    "Porto": 1073738,
    "Santarém": 238093,
    "Setúbal": 480956,
    "Viana do Castelo": 136238,
    "Vila Real": 111174,
    "Viseu": 201212,
    "RA Açores": 96750,
    "RA Madeira": 136549,
    "Europa": 172648,
    "Fora da Europa": 64906,
    "Total": 6059321
  },

  "ADN": {
    "Aveiro": 6989,
    "Beja": 713,
    "Braga": 5333,
    "Bragança": 1071,
    "Castelo Branco": 1874,
    "Coimbra": 3753,
    "Évora": 983,
    "Faro": 4190,
    "Guarda": 1662,
    "Leiria": 5746,
    "Lisboa": 15454,
    "Portalegre": 601,
    "Porto": 11283,
    "Santarém": 3971,
    "Setúbal": 4185,
    "Viana do Castelo": 2047,
    "Vila Real": 1714,
    "Viseu": 4190,
    "RA Açores": 1666,
    "RA Madeira": 1551,
    "Europa": 1201,
    "Fora da Europa": 1483,
    "Total": 81660
  },

  "B.E.": {
    "Aveiro": 7028,
    "Beja": 1365,
    "Braga": 10041,
    "Bragança": 590,
    "Castelo Branco": 1716,
    "Coimbra": 5028,
    "Évora": 1487,
    "Faro": 5732,
    "Guarda": 1010,
    "Leiria": 5100,
    "Lisboa": 29959,
    "Portalegre": 716,
    "Porto": 22219,
    "Santarém": 4371,
    "Setúbal": 13072,
    "Viana do Castelo": 2285,
    "Vila Real": 1144,
    "Viseu": 2465,
    "RA Açores": 2106,
    "RA Madeira": 1871,
    "Europa": 4743,
    "Fora da Europa": 1760,
    "Total": 125808
  },

  "CH": {
    "Aveiro": 85834,
    "Beja": 20447,
    "Braga": 119858,
    "Bragança": 14290,
    "Castelo Branco": 24322,
    "Coimbra": 42547,
    "Évora": 21082,
    "Faro": 78135,
    "Guarda": 17249,
    "Leiria": 61180,
    "Lisboa": 266214,
    "Portalegre": 16801,
    "Porto": 227009,
    "Santarém": 68742,
    "Setúbal": 129763,
    "Viana do Castelo": 32143,
    "Vila Real": 22786,
    "Viseu": 45801,
    "RA Açores": 23059,
    "RA Madeira": 29048,
    "Europa": 72010,
    "Fora da Europa": 20234,
    "Total": 1438554
  },

  "E": {
    "Aveiro": 525,
    "Beja": 87,
    "Braga": 528,
    "Bragança": 80,
    "Castelo Branco": 145,
    "Coimbra": 341,
    "Évora": 83,
    "Faro": 486,
    "Guarda": 80,
    "Leiria": 368,
    "Lisboa": 2181,
    "Portalegre": 51,
    "Porto": 1630,
    "Santarém": 424,
    "Setúbal": 713,
    "Viana do Castelo": 276,
    "Vila Real": 132,
    "Viseu": 228,
    "RA Açores": 119,
    "RA Madeira": 186,
    "Europa": 252,
    "Fora da Europa": 131,
    "Total": 9046
  },

  "IL": {
    "Aveiro": 23452,
    "Beja": 1439,
    "Braga": 36698,
    "Bragança": 1541,
    "Castelo Branco": 3146,
    "Coimbra": 10275,
    "Évora": 2415,
    "Faro": 10056,
    "Guarda": 1995,
    "Leiria": 15971,
    "Lisboa": 97200,
    "Portalegre": 1078,
    "Porto": 67076,
    "Santarém": 9597,
    "Setúbal": 27074,
    "Viana do Castelo": 5344,
    "Vila Real": 2482,
    "Viseu": 6468,
    "RA Açores": 3484,
    "RA Madeira": 3665,
    "Europa": 6452,
    "Fora da Europa": 2066,
    "Total": 338974
  },

  "JPP": {
    "Aveiro": 0,
    "Beja": 0,
    "Braga": 307,
    "Bragança": 0,
    "Castelo Branco": 0,
    "Coimbra": 154,
    "Évora": 0,
    "Faro": 264,
    "Guarda": 0,
    "Leiria": 0,
    "Lisboa": 820,
    "Portalegre": 0,
    "Porto": 731,
    "Santarém": 0,
    "Setúbal": 452,
    "Viana do Castelo": 0,
    "Vila Real": 0,
    "Viseu": 0,
    "RA Açores": 271,
    "RA Madeira": 17113,
    "Europa": 551,
    "Fora da Europa": 237,
    "Total": 20900
  },

  "L": {
    "Aveiro": 12752,
    "Beja": 1547,
    "Braga": 16618,
    "Bragança": 793,
    "Castelo Branco": 2652,
    "Coimbra": 9386,
    "Évora": 2296,
    "Faro": 7735,
    "Guarda": 1229,
    "Leiria": 9299,
    "Lisboa": 87618,
    "Portalegre": 965,
    "Porto": 47232,
    "Santarém": 7860,
    "Setúbal": 28622,
    "Viana do Castelo": 3640,
    "Vila Real": 1740,
    "Viseu": 4395,
    "RA Açores": 2539,
    "RA Madeira": 1750,
    "Europa": 5626,
    "Fora da Europa": 997,
    "Total": 257291
  },

  "MPT": {
    "Aveiro": 0,
    "Beja": 0,
    "Braga": 0,
    "Bragança": 0,
    "Castelo Branco": 0,
    "Coimbra": 0,
    "Évora": 0,
    "Faro": 0,
    "Guarda": 0,
    "Leiria": 0,
    "Lisboa": 0,
    "Portalegre": 0,
    "Porto": 0,
    "Santarém": 0,
    "Setúbal": 0,
    "Viana do Castelo": 0,
    "Vila Real": 0,
    "Viseu": 0,
    "RA Açores": 122,
    "RA Madeira": 356,
    "Europa": 0,
    "Fora da Europa": 0,
    "Total": 478
  },

  "NC": {
    "Aveiro": 289,
    "Beja": 0,
    "Braga": 0,
    "Bragança": 0,
    "Castelo Branco": 0,
    "Coimbra": 0,
    "Évora": 106,
    "Faro": 0,
    "Guarda": 117,
    "Leiria": 0,
    "Lisboa": 756,
    "Portalegre": 0,
    "Porto": 1106,
    "Santarém": 0,
    "Setúbal": 389,
    "Viana do Castelo": 0,
    "Vila Real": 0,
    "Viseu": 0,
    "RA Açores": 0,
    "RA Madeira": 0,
    "Europa": 343,
    "Fora da Europa": 198,
    "Total": 3304
  },

  "ND": {
    "Aveiro": 472,
    "Beja": 97,
    "Braga": 889,
    "Bragança": 0,
    "Castelo Branco": 0,
    "Coimbra": 245,
    "Évora": 0,
    "Faro": 425,
    "Guarda": 0,
    "Leiria": 723,
    "Lisboa": 2021,
    "Portalegre": 0,
    "Porto": 1807,
    "Santarém": 0,
    "Setúbal": 682,
    "Viana do Castelo": 0,
    "Vila Real": 0,
    "Viseu": 432,
    "RA Açores": 0,
    "RA Madeira": 434,
    "Europa": 504,
    "Fora da Europa": 1485,
    "Total": 10216
  },

  "PAN": {
    "Aveiro": 5134,
    "Beja": 636,
    "Braga": 5183,
    "Bragança": 455,
    "Castelo Branco": 946,
    "Coimbra": 2829,
    "Évora": 790,
    "Faro": 4166,
    "Guarda": 607,
    "Leiria": 3104,
    "Lisboa": 23387,
    "Portalegre": 386,
    "Porto": 16402,
    "Santarém": 2751,
    "Setúbal": 9223,
    "Viana do Castelo": 1301,
    "Vila Real": 775,
    "Viseu": 0,
    "RA Açores": 1314,
    "RA Madeira": 1450,
    "Europa": 4072,
    "Fora da Europa": 2019,
    "Total": 86930
  },

  "PCP-PEV": {
    "Aveiro": 4924,
    "Beja": 10000,
    "Braga": 9182,
    "Bragança": 725,
    "Castelo Branco": 2228,
    "Coimbra": 5807,
    "Évora": 8636,
    "Faro": 6172,
    "Guarda": 1037,
    "Leiria": 5471,
    "Lisboa": 45452,
    "Portalegre": 2933,
    "Porto": 24985,
    "Santarém": 8781,
    "Setúbal": 34914,
    "Viana do Castelo": 2764,
    "Vila Real": 1403,
    "Viseu": 2491,
    "RA Açores": 1224,
    "RA Madeira": 1758,
    "Europa": 2214,
    "Fora da Europa": 585,
    "Total": 183686
  },

  "PCTP/MRPP": {
    "Aveiro": 1008,
    "Beja": 455,
    "Braga": 0,
    "Bragança": 0,
    "Castelo Branco": 301,
    "Coimbra": 0,
    "Évora": 0,
    "Faro": 0,
    "Guarda": 0,
    "Leiria": 0,
    "Lisboa": 3659,
    "Portalegre": 254,
    "Porto": 2142,
    "Santarém": 0,
    "Setúbal": 2993,
    "Viana do Castelo": 0,
    "Vila Real": 0,
    "Viseu": 0,
    "RA Açores": 0,
    "RA Madeira": 0,
    "Europa": 785,
    "Fora da Europa": 299,
    "Total": 11896
  },

  "PLS": {
    "Aveiro": 0,
    "Beja": 0,
    "Braga": 0,
    "Bragança": 0,
    "Castelo Branco": 0,
    "Coimbra": 0,
    "Évora": 0,
    "Faro": 0,
    "Guarda": 0,
    "Leiria": 0,
    "Lisboa": 1901,
    "Portalegre": 0,
    "Porto": 3597,
    "Santarém": 0,
    "Setúbal": 847,
    "Viana do Castelo": 0,
    "Vila Real": 0,
    "Viseu": 0,
    "RA Açores": 0,
    "RA Madeira": 0,
    "Europa": 442,
    "Fora da Europa": 545,
    "Total": 7332
  },

  "PPD/PSD.CDS-PP": {
    "Aveiro": 163669,
    "Beja": 15407,
    "Braga": 198026,
    "Bragança": 30628,
    "Castelo Branco": 33625,
    "Coimbra": 79549,
    "Évora": 21071,
    "Faro": 59380,
    "Guarda": 32295,
    "Leiria": 98249,
    "Lisboa": 362844,
    "Portalegre": 14962,
    "Porto": 375731,
    "Santarém": 74742,
    "Setúbal": 103213,
    "Viana do Castelo": 55374,
    "Vila Real": 50525,
    "Viseu": 88385,
    "RA Açores": 0,
    "RA Madeira": 57440,
    "Europa": 37411,
    "Fora da Europa": 19076,
    "Total": 1971602
  },

  "PPD/PSD.CDS-PP.PPM": {
    "Aveiro": 0,
    "Beja": 0,
    "Braga": 0,
    "Bragança": 0,
    "Castelo Branco": 0,
    "Coimbra": 0,
    "Évora": 0,
    "Faro": 0,
    "Guarda": 0,
    "Leiria": 0,
    "Lisboa": 0,
    "Portalegre": 0,
    "Porto": 0,
    "Santarém": 0,
    "Setúbal": 0,
    "Viana do Castelo": 0,
    "Vila Real": 0,
    "Viseu": 0,
    "RA Açores": 36886,
    "RA Madeira": 0,
    "Europa": 0,
    "Fora da Europa": 0,
    "Total": 36886
  },

  "PPM": {
    "Aveiro": 304,
    "Beja": 84,
    "Braga": 272,
    "Bragança": 66,
    "Castelo Branco": 154,
    "Coimbra": 237,
    "Évora": 68,
    "Faro": 332,
    "Guarda": 170,
    "Leiria": 323,
    "Lisboa": 939,
    "Portalegre": 45,
    "Porto": 572,
    "Santarém": 247,
    "Setúbal": 320,
    "Viana do Castelo": 145,
    "Vila Real": 186,
    "Viseu": 344,
    "RA Açores": 0,
    "RA Madeira": 452,
    "Europa": 186,
    "Fora da Europa": 170,
    "Total": 5616
  },

  "PS": {
    "Aveiro": 90030,
    "Beja": 19536,
    "Braga": 125593,
    "Bragança": 17785,
    "Castelo Branco": 29764,
    "Coimbra": 63405,
    "Évora": 23617,
    "Faro": 47321,
    "Guarda": 21554,
    "Leiria": 50329,
    "Lisboa": 301787,
    "Portalegre": 15746,
    "Porto": 263792,
    "Santarém": 55570,
    "Setúbal": 122858,
    "Viana do Castelo": 30395,
    "Vila Real": 27990,
    "Viseu": 45219,
    "RA Açores": 23825,
    "RA Madeira": 18704,
    "Europa": 34582,
    "Fora da Europa": 13144,
    "Total": 1442546
  },

  "PTP": {
    "Aveiro": 0,
    "Beja": 0,
    "Braga": 0,
    "Bragança": 0,
    "Castelo Branco": 0,
    "Coimbra": 0,
    "Évora": 0,
    "Faro": 0,
    "Guarda": 0,
    "Leiria": 0,
    "Lisboa": 0,
    "Portalegre": 0,
    "Porto": 0,
    "Santarém": 0,
    "Setúbal": 0,
    "Viana do Castelo": 0,
    "Vila Real": 0,
    "Viseu": 0,
    "RA Açores": 0,
    "RA Madeira": 425,
    "Europa": 0,
    "Fora da Europa": 0,
    "Total": 425
  },

  "R.I.R.": {
    "Aveiro": 936,
    "Beja": 135,
    "Braga": 1280,
    "Bragança": 97,
    "Castelo Branco": 199,
    "Coimbra": 475,
    "Évora": 138,
    "Faro": 512,
    "Guarda": 134,
    "Leiria": 587,
    "Lisboa": 2196,
    "Portalegre": 79,
    "Porto": 3945,
    "Santarém": 539,
    "Setúbal": 749,
    "Viana do Castelo": 315,
    "Vila Real": 183,
    "Viseu": 548,
    "RA Açores": 135,
    "RA Madeira": 346,
    "Europa": 329,
    "Fora da Europa": 164,
    "Total": 14021
  },

  "VP": {
    "Aveiro": 580,
    "Beja": 93,
    "Braga": 694,
    "Bragança": 86,
    "Castelo Branco": 198,
    "Coimbra": 400,
    "Évora": 142,
    "Faro": 437,
    "Guarda": 118,
    "Leiria": 483,
    "Lisboa": 3157,
    "Portalegre": 71,
    "Porto": 2479,
    "Santarém": 498,
    "Setúbal": 887,
    "Viana do Castelo": 209,
    "Vila Real": 114,
    "Viseu": 246,
    "RA Açores": 0,
    "RA Madeira": 0,
    "Europa": 945,
    "Fora da Europa": 313,
    "Total": 12150
  }
}
